Model,Average Inference Time
Original,0.06016852855682373
Mixed Precision,0.02216496467590332
